buyer_id,first_name,last_name,age,phone_number,method_of_purchase,payment_info,number_of_desired_tickets,image
1,Robin,Miller,55,+30 6982040301,debit,4706-4283-2760-8742,3,buyer_image_1.jpg
2,Avery,Miller,27,+30 6921830430,bank_account,4312-4428-8302-6936,2,buyer_image_2.jpg
3,Taylor,Smith,67,+30 6989067784,credit,4770-1173-2471-5237,2,buyer_image_3.jpg
4,Avery,Garcia,48,+30 6983551926,bank_account,4311-2139-9628-9224,1,buyer_image_4.jpg
5,Jordan,Garcia,48,+30 6935224016,bank_account,4604-1504-6950-4383,3,buyer_image_5.jpg
6,Alex,Davis,64,+30 6978698547,credit,4973-1603-8417-6216,1,buyer_image_6.jpg
7,Avery,Johnson,56,+30 6984697520,credit,4112-6647-9738-8309,5,buyer_image_7.jpg
8,Jordan,Anderson,57,+30 6990510879,credit,4017-9154-8314-8957,3,buyer_image_8.jpg
9,Morgan,Anderson,23,+30 6924399175,credit,4882-6957-6342-4348,1,buyer_image_9.jpg
10,Taylor,Miller,25,+30 6949522039,credit,4521-5344-4762-4505,3,buyer_image_10.jpg
11,Robin,Johnson,36,+30 6926513983,debit,4158-6771-4158-4566,2,buyer_image_11.jpg
12,Jamie,Martinez,44,+30 6927429886,credit,4482-8883-3719-3809,1,buyer_image_12.jpg
13,Jamie,Anderson,39,+30 6973687936,debit,4025-7144-2062-4366,5,buyer_image_13.jpg
14,Casey,Davis,18,+30 6969422541,bank_account,4432-9219-2150-1919,5,buyer_image_14.jpg
15,Dakota,Miller,20,+30 6914180026,bank_account,4397-7363-8486-1696,1,buyer_image_15.jpg
16,Morgan,Smith,56,+30 6936837909,credit,4643-5388-3369-4767,1,buyer_image_16.jpg
17,Dakota,Davis,23,+30 6949376335,debit,4471-4947-6872-4341,5,buyer_image_17.jpg
18,Alex,Smith,29,+30 6921251897,bank_account,4260-9457-3289-1421,3,buyer_image_18.jpg
19,Jordan,Brown,59,+30 6984245268,bank_account,4110-2131-4165-9726,4,buyer_image_19.jpg
20,Morgan,Davis,67,+30 6993184757,credit,4902-1566-8375-8775,2,buyer_image_20.jpg
21,Taylor,Davis,47,+30 6925485523,debit,4058-3963-2780-6881,2,buyer_image_21.jpg
22,Avery,Miller,58,+30 6985712233,debit,4457-1137-5643-1464,1,buyer_image_22.jpg
23,Robin,Miller,57,+30 6983869131,credit,4031-8138-6487-2043,1,buyer_image_23.jpg
24,Jamie,Davis,32,+30 6953011891,bank_account,4864-8240-5194-2227,2,buyer_image_24.jpg
25,Jordan,Martinez,19,+30 6943756340,debit,4038-5706-9873-6055,2,buyer_image_25.jpg
26,Jamie,Anderson,51,+30 6912853339,bank_account,4427-2233-8190-8174,3,buyer_image_26.jpg
27,Alex,Lee,34,+30 6927757761,credit,4310-6538-7394-4086,4,buyer_image_27.jpg
28,Avery,Taylor,63,+30 6918523627,credit,4563-9417-7983-1267,1,buyer_image_28.jpg
29,Dakota,Taylor,35,+30 6968412352,debit,4523-8822-2707-7907,5,buyer_image_29.jpg
30,Morgan,Garcia,50,+30 6944320712,debit,4950-4322-6676-9698,2,buyer_image_30.jpg
31,Avery,Smith,36,+30 6921988823,bank_account,4847-9798-8562-4848,4,buyer_image_31.jpg
32,Avery,Smith,29,+30 6990385674,debit,4663-4812-2566-9523,3,buyer_image_32.jpg
33,Morgan,Anderson,48,+30 6962640055,debit,4602-6125-6543-5774,1,buyer_image_33.jpg
34,Alex,Brown,24,+30 6955668669,bank_account,4638-2174-1239-3571,3,buyer_image_34.jpg
35,Alex,Martinez,33,+30 6967558738,credit,4234-8147-6654-9402,3,buyer_image_35.jpg
36,Jordan,Lee,68,+30 6984668540,credit,4033-5808-4519-6578,4,buyer_image_36.jpg
37,Jordan,Brown,44,+30 6990005227,debit,4101-3665-1745-7471,1,buyer_image_37.jpg
38,Morgan,Davis,69,+30 6937011592,credit,4513-6269-5789-6365,2,buyer_image_38.jpg
39,Alex,Anderson,47,+30 6975548296,bank_account,4611-8253-5942-8668,4,buyer_image_39.jpg
40,Alex,Garcia,49,+30 6969550059,debit,4237-8957-6863-3495,2,buyer_image_40.jpg
41,Jamie,Taylor,33,+30 6911294415,debit,4062-7982-2218-5111,5,buyer_image_41.jpg
42,Casey,Johnson,38,+30 6968796326,bank_account,4561-8605-2927-2207,5,buyer_image_42.jpg
43,Avery,Miller,41,+30 6965319086,debit,4876-8991-3791-8098,4,buyer_image_43.jpg
44,Taylor,Garcia,58,+30 6920663076,credit,4934-8479-9488-3294,5,buyer_image_44.jpg
45,Jordan,Taylor,70,+30 6916344922,bank_account,4883-4387-4675-9125,5,buyer_image_45.jpg
46,Taylor,Johnson,34,+30 6919136936,bank_account,4490-7194-3023-4001,2,buyer_image_46.jpg
47,Morgan,Anderson,64,+30 6958922847,debit,4858-4787-6365-3070,4,buyer_image_47.jpg
48,Charlie,Taylor,58,+30 6954360344,credit,4357-6261-6338-1605,3,buyer_image_48.jpg
49,Casey,Johnson,25,+30 6920690365,bank_account,4858-9153-4205-5176,3,buyer_image_49.jpg
50,Jordan,Taylor,68,+30 6931675089,credit,4770-4500-5879-9159,2,buyer_image_50.jpg
51,Taylor,Smith,33,+30 6944487455,credit,4939-3284-3407-5266,2,buyer_image_51.jpg
52,Dakota,Davis,58,+30 6974893122,credit,4263-3743-7173-5151,1,buyer_image_52.jpg
53,Jamie,Lee,56,+30 6938931332,credit,4209-3610-6734-7780,3,buyer_image_53.jpg
54,Charlie,Taylor,53,+30 6987583895,bank_account,4516-2545-8990-2322,4,buyer_image_54.jpg
55,Dakota,Martinez,34,+30 6960281576,debit,4072-8000-8850-4956,1,buyer_image_55.jpg
56,Jordan,Lee,64,+30 6965926589,credit,4997-9082-8673-2915,3,buyer_image_56.jpg
57,Charlie,Smith,64,+30 6967429878,bank_account,4121-6536-6754-1742,1,buyer_image_57.jpg
58,Dakota,Anderson,29,+30 6979341954,credit,4282-1340-3676-4459,1,buyer_image_58.jpg
59,Robin,Lee,67,+30 6970282789,debit,4561-1135-5184-1215,3,buyer_image_59.jpg
60,Alex,Garcia,23,+30 6986498718,debit,4013-1559-4492-2196,1,buyer_image_60.jpg
61,Alex,Garcia,29,+30 6914174478,credit,4414-9933-2538-7702,1,buyer_image_61.jpg
62,Casey,Miller,61,+30 6941008864,credit,4510-1223-6668-4164,1,buyer_image_62.jpg
63,Jordan,Miller,20,+30 6938601094,bank_account,4975-4926-5300-1561,1,buyer_image_63.jpg
64,Jamie,Martinez,22,+30 6922364811,credit,4044-5933-1930-8813,1,buyer_image_64.jpg
65,Morgan,Miller,63,+30 6996614334,debit,4408-4484-7218-1562,3,buyer_image_65.jpg
66,Alex,Johnson,70,+30 6999208927,debit,4978-3715-4451-9052,4,buyer_image_66.jpg
67,Taylor,Martinez,69,+30 6962493247,debit,4995-5909-6890-6000,4,buyer_image_67.jpg
68,Charlie,Smith,38,+30 6921623680,bank_account,4937-7335-5462-1650,5,buyer_image_68.jpg
69,Jamie,Miller,32,+30 6971771599,bank_account,4088-2180-9333-7562,3,buyer_image_69.jpg
70,Alex,Garcia,70,+30 6951145396,credit,4919-6719-4776-6980,3,buyer_image_70.jpg
71,Jamie,Martinez,50,+30 6980353989,credit,4851-6068-9411-8052,5,buyer_image_71.jpg
72,Avery,Smith,34,+30 6936645013,credit,4593-4557-7603-3822,5,buyer_image_72.jpg
73,Robin,Brown,34,+30 6928118392,debit,4250-4141-6824-6050,3,buyer_image_73.jpg
74,Jordan,Garcia,45,+30 6964862864,debit,4150-2738-5684-1634,2,buyer_image_74.jpg
75,Casey,Anderson,45,+30 6984616050,debit,4932-6842-5973-4244,5,buyer_image_75.jpg
76,Casey,Miller,56,+30 6951553182,credit,4936-4408-5035-3017,4,buyer_image_76.jpg
77,Charlie,Taylor,32,+30 6971303519,debit,4983-9389-3450-6156,3,buyer_image_77.jpg
78,Jordan,Brown,50,+30 6937586445,credit,4696-5333-2970-9039,4,buyer_image_78.jpg
79,Taylor,Smith,65,+30 6957850865,credit,4943-6690-3823-5156,5,buyer_image_79.jpg
80,Jordan,Anderson,20,+30 6925606015,credit,4213-5447-9129-9280,4,buyer_image_80.jpg
81,Jamie,Davis,36,+30 6952470969,bank_account,4789-6335-4165-4045,3,buyer_image_81.jpg
82,Alex,Smith,58,+30 6935513124,debit,4904-5467-8901-8463,2,buyer_image_82.jpg
83,Morgan,Taylor,45,+30 6991297975,debit,4044-7427-5048-1131,1,buyer_image_83.jpg
84,Morgan,Johnson,47,+30 6929857906,debit,4703-4893-5618-3869,5,buyer_image_84.jpg
85,Alex,Lee,57,+30 6928907934,bank_account,4065-7806-4346-1098,5,buyer_image_85.jpg
86,Avery,Taylor,38,+30 6932607408,bank_account,4875-5364-2335-4959,2,buyer_image_86.jpg
87,Avery,Davis,41,+30 6953527718,credit,4293-8947-9134-4911,3,buyer_image_87.jpg
88,Avery,Davis,35,+30 6977957403,bank_account,4969-3941-1977-9273,3,buyer_image_88.jpg
89,Dakota,Smith,67,+30 6976451863,credit,4321-8690-9005-2611,1,buyer_image_89.jpg
90,Casey,Smith,58,+30 6915279731,debit,4788-3442-8633-8255,2,buyer_image_90.jpg
91,Jordan,Davis,68,+30 6915750181,debit,4229-9256-4138-7673,1,buyer_image_91.jpg
92,Jamie,Miller,62,+30 6923168882,credit,4258-7019-4357-3929,5,buyer_image_92.jpg
93,Casey,Davis,47,+30 6912971827,credit,4123-7839-8855-9014,1,buyer_image_93.jpg
94,Jamie,Johnson,28,+30 6930946267,bank_account,4885-4619-6229-9649,1,buyer_image_94.jpg
95,Taylor,Smith,23,+30 6922497433,debit,4681-8312-8478-2011,5,buyer_image_95.jpg
96,Casey,Lee,49,+30 6968680189,bank_account,4142-3547-8732-9469,1,buyer_image_96.jpg
97,Morgan,Brown,51,+30 6941121239,debit,4724-9703-6994-5690,4,buyer_image_97.jpg
98,Jamie,Johnson,59,+30 6990363508,debit,4069-8935-2634-1183,4,buyer_image_98.jpg
99,Robin,Taylor,37,+30 6997267298,credit,4591-6881-4846-5273,4,buyer_image_99.jpg
100,Casey,Miller,69,+30 6976904909,debit,4381-1380-8628-3852,4,buyer_image_100.jpg
101,Jordan,Miller,30,+30 6945712733,credit,4615-4428-6632-8722,5,buyer_image_101.jpg
102,Jamie,Martinez,38,+30 6934819286,credit,4156-2835-1572-9409,2,buyer_image_102.jpg
103,Jamie,Johnson,22,+30 6930888803,debit,4267-6485-1373-8761,5,buyer_image_103.jpg
104,Dakota,Johnson,29,+30 6941819528,bank_account,4373-6134-5032-1549,1,buyer_image_104.jpg
105,Jamie,Smith,31,+30 6945909848,credit,4936-5760-2367-2577,2,buyer_image_105.jpg
106,Casey,Davis,47,+30 6950225831,credit,4695-4877-1027-6998,5,buyer_image_106.jpg
107,Alex,Smith,69,+30 6912965839,debit,4185-7931-4795-8008,5,buyer_image_107.jpg
108,Jordan,Anderson,37,+30 6983162180,credit,4446-4612-9734-5834,1,buyer_image_108.jpg
109,Alex,Smith,50,+30 6934064813,bank_account,4815-8707-1245-8916,4,buyer_image_109.jpg
110,Morgan,Brown,30,+30 6913783491,bank_account,4522-8221-2347-5650,3,buyer_image_110.jpg
111,Jamie,Garcia,56,+30 6990083637,credit,4079-9234-3186-1697,1,buyer_image_111.jpg
112,Jordan,Davis,32,+30 6990256552,debit,4460-7648-7112-8489,5,buyer_image_112.jpg
113,Alex,Taylor,35,+30 6934864770,credit,4878-9172-6091-5352,4,buyer_image_113.jpg
114,Morgan,Garcia,48,+30 6931100074,debit,4361-1958-2632-4783,2,buyer_image_114.jpg
115,Casey,Garcia,38,+30 6948545777,debit,4013-8773-7913-9890,4,buyer_image_115.jpg
116,Casey,Davis,45,+30 6954158751,credit,4497-3798-2117-4503,3,buyer_image_116.jpg
117,Charlie,Davis,59,+30 6933570116,credit,4922-5786-9439-9830,4,buyer_image_117.jpg
118,Alex,Smith,45,+30 6930925848,bank_account,4419-4627-9585-5974,5,buyer_image_118.jpg
119,Casey,Brown,50,+30 6985026074,bank_account,4845-6879-2395-5042,4,buyer_image_119.jpg
120,Jordan,Martinez,32,+30 6932438540,credit,4382-1167-4321-3626,5,buyer_image_120.jpg
121,Dakota,Martinez,31,+30 6994364859,credit,4363-6065-2857-4806,1,buyer_image_121.jpg
122,Morgan,Martinez,28,+30 6928983852,debit,4432-8916-1090-8798,2,buyer_image_122.jpg
123,Robin,Martinez,19,+30 6944524880,debit,4917-3134-8933-3561,3,buyer_image_123.jpg
124,Avery,Johnson,44,+30 6962225576,bank_account,4799-7716-1382-5515,3,buyer_image_124.jpg
125,Robin,Johnson,23,+30 6999020178,bank_account,4110-9373-9148-9073,2,buyer_image_125.jpg
126,Dakota,Smith,26,+30 6992487339,debit,4701-2013-4137-3458,4,buyer_image_126.jpg
127,Avery,Smith,28,+30 6922537053,debit,4424-6959-6012-1655,2,buyer_image_127.jpg
128,Alex,Lee,26,+30 6958536290,bank_account,4084-6193-1227-1903,3,buyer_image_128.jpg
129,Morgan,Anderson,33,+30 6995507336,debit,4461-1825-3199-7696,2,buyer_image_129.jpg
130,Jamie,Miller,26,+30 6939344786,bank_account,4588-5874-6181-1756,3,buyer_image_130.jpg
131,Morgan,Davis,31,+30 6944899660,bank_account,4109-8965-5035-8995,5,buyer_image_131.jpg
132,Taylor,Miller,54,+30 6923492383,bank_account,4632-8096-6539-6880,4,buyer_image_132.jpg
133,Alex,Miller,57,+30 6960835913,debit,4209-7773-1410-3835,2,buyer_image_133.jpg
134,Robin,Taylor,24,+30 6940948066,credit,4658-4043-4966-3748,4,buyer_image_134.jpg
135,Jordan,Martinez,28,+30 6929633643,debit,4334-4620-5480-1707,4,buyer_image_135.jpg
136,Taylor,Taylor,55,+30 6979713709,bank_account,4391-6058-2596-8554,5,buyer_image_136.jpg
137,Morgan,Garcia,58,+30 6917445987,debit,4917-7641-5750-8430,1,buyer_image_137.jpg
138,Alex,Garcia,52,+30 6969203038,debit,4370-2481-1384-8040,3,buyer_image_138.jpg
139,Avery,Martinez,53,+30 6969028716,credit,4906-4244-1762-3968,1,buyer_image_139.jpg
140,Charlie,Miller,37,+30 6943221134,credit,4976-7976-8777-9363,5,buyer_image_140.jpg
141,Charlie,Martinez,35,+30 6947552345,bank_account,4834-8541-3463-6505,5,buyer_image_141.jpg
142,Casey,Davis,67,+30 6963654008,credit,4413-7516-9356-3547,5,buyer_image_142.jpg
143,Dakota,Smith,60,+30 6933528161,bank_account,4874-3624-8127-4787,1,buyer_image_143.jpg
144,Casey,Lee,49,+30 6921234280,bank_account,4623-4360-7785-7728,5,buyer_image_144.jpg
145,Avery,Brown,57,+30 6993543848,debit,4363-8059-2090-9305,1,buyer_image_145.jpg
146,Morgan,Garcia,59,+30 6920428422,credit,4429-1460-4869-8415,1,buyer_image_146.jpg
147,Casey,Garcia,52,+30 6955698283,bank_account,4664-1171-5513-4750,2,buyer_image_147.jpg
148,Morgan,Lee,68,+30 6928736584,credit,4713-4407-2354-6684,5,buyer_image_148.jpg
149,Morgan,Davis,18,+30 6950926207,debit,4562-8300-6869-9770,5,buyer_image_149.jpg
150,Jordan,Anderson,40,+30 6961919885,bank_account,4598-6997-8726-5351,5,buyer_image_150.jpg
151,Jamie,Davis,48,+30 6979141409,debit,4859-9479-8171-6092,3,buyer_image_151.jpg
152,Avery,Johnson,53,+30 6941799901,credit,4563-2513-2532-2399,2,buyer_image_152.jpg
153,Jordan,Smith,64,+30 6954443491,debit,4968-6540-1207-8081,3,buyer_image_153.jpg
154,Casey,Davis,31,+30 6974051903,credit,4323-9928-9796-6498,3,buyer_image_154.jpg
155,Casey,Miller,49,+30 6997091041,credit,4818-3837-6074-6466,2,buyer_image_155.jpg
156,Alex,Lee,62,+30 6963451851,credit,4407-5954-5306-8872,1,buyer_image_156.jpg
157,Dakota,Johnson,26,+30 6930899380,debit,4476-8879-8537-4100,2,buyer_image_157.jpg
158,Casey,Martinez,37,+30 6932412380,bank_account,4411-9491-2484-8712,3,buyer_image_158.jpg
159,Jordan,Brown,32,+30 6931536154,debit,4849-9176-9157-8499,1,buyer_image_159.jpg
160,Jamie,Taylor,46,+30 6916407681,credit,4258-3399-5686-8549,5,buyer_image_160.jpg
161,Charlie,Garcia,25,+30 6990368372,credit,4799-8336-9846-2748,2,buyer_image_161.jpg
162,Jamie,Davis,19,+30 6954464529,credit,4797-1857-6014-3383,4,buyer_image_162.jpg
163,Robin,Anderson,49,+30 6957173359,bank_account,4196-3668-6074-1312,2,buyer_image_163.jpg
164,Charlie,Martinez,35,+30 6912637066,debit,4627-4163-3306-4094,3,buyer_image_164.jpg
165,Taylor,Johnson,34,+30 6984878238,bank_account,4750-5955-9748-9117,5,buyer_image_165.jpg
166,Casey,Johnson,40,+30 6964708144,bank_account,4522-1275-4924-8924,5,buyer_image_166.jpg
167,Dakota,Taylor,26,+30 6961560012,credit,4863-2408-7318-5258,4,buyer_image_167.jpg
168,Dakota,Taylor,28,+30 6920533006,credit,4437-4093-1613-5699,5,buyer_image_168.jpg
169,Taylor,Brown,50,+30 6910824552,credit,4481-2848-9737-7745,2,buyer_image_169.jpg
170,Taylor,Taylor,40,+30 6995875209,debit,4905-4839-8802-1640,4,buyer_image_170.jpg
171,Taylor,Lee,40,+30 6982433541,debit,4713-2036-5055-5357,5,buyer_image_171.jpg
172,Jordan,Lee,27,+30 6965144761,bank_account,4026-8054-9496-4901,2,buyer_image_172.jpg
173,Dakota,Taylor,42,+30 6949097952,bank_account,4916-3923-7117-1248,2,buyer_image_173.jpg
174,Casey,Taylor,61,+30 6947144849,credit,4885-2165-1519-8719,3,buyer_image_174.jpg
175,Jordan,Lee,52,+30 6969848495,credit,4036-1686-5644-4473,4,buyer_image_175.jpg
176,Jamie,Davis,26,+30 6990487475,debit,4285-4139-6274-6685,1,buyer_image_176.jpg
177,Jordan,Martinez,20,+30 6987078804,debit,4485-6747-3692-8801,4,buyer_image_177.jpg
178,Jordan,Brown,32,+30 6987258526,bank_account,4774-9973-2274-3669,4,buyer_image_178.jpg
179,Alex,Martinez,55,+30 6967313146,bank_account,4709-1578-8780-6672,2,buyer_image_179.jpg
180,Robin,Brown,24,+30 6954521770,bank_account,4040-9023-5209-3392,3,buyer_image_180.jpg
181,Jordan,Garcia,52,+30 6995168511,bank_account,4257-3655-4808-9325,5,buyer_image_181.jpg
182,Taylor,Davis,27,+30 6964099822,credit,4191-4497-7533-6061,1,buyer_image_182.jpg
183,Taylor,Anderson,50,+30 6936560616,debit,4525-7460-3104-6707,2,buyer_image_183.jpg
184,Casey,Davis,37,+30 6995236754,credit,4532-8037-9624-4097,5,buyer_image_184.jpg
185,Taylor,Johnson,18,+30 6955685906,credit,4119-7429-1727-7986,4,buyer_image_185.jpg
186,Robin,Davis,66,+30 6980093912,debit,4315-7508-5986-2961,3,buyer_image_186.jpg
187,Taylor,Anderson,36,+30 6930165080,credit,4020-3236-3080-6135,3,buyer_image_187.jpg
188,Jordan,Garcia,54,+30 6953157812,bank_account,4320-6709-2229-5366,3,buyer_image_188.jpg
189,Charlie,Martinez,30,+30 6979569253,bank_account,4191-5652-1853-3675,5,buyer_image_189.jpg
190,Charlie,Johnson,20,+30 6934483044,credit,4807-9608-4660-9462,4,buyer_image_190.jpg
191,Robin,Taylor,29,+30 6942493424,debit,4108-3995-5114-6351,5,buyer_image_191.jpg
192,Jordan,Martinez,28,+30 6970027357,credit,4402-8699-3318-2992,4,buyer_image_192.jpg
193,Charlie,Smith,39,+30 6968233225,bank_account,4562-6333-8013-6414,3,buyer_image_193.jpg
194,Robin,Miller,41,+30 6963573519,credit,4830-3455-9515-1084,4,buyer_image_194.jpg
195,Charlie,Brown,29,+30 6935303260,debit,4939-5876-5967-7933,5,buyer_image_195.jpg
196,Alex,Taylor,54,+30 6985941393,credit,4110-5425-4996-4787,2,buyer_image_196.jpg
197,Morgan,Taylor,42,+30 6962812974,debit,4133-1291-3207-4694,3,buyer_image_197.jpg
198,Robin,Taylor,34,+30 6956757992,bank_account,4989-8662-2904-1743,1,buyer_image_198.jpg
199,Robin,Miller,45,+30 6966747889,debit,4154-6117-4466-1091,5,buyer_image_199.jpg
200,Avery,Miller,64,+30 6942607966,credit,4972-7902-4834-5339,4,buyer_image_200.jpg
201,Morgan,Anderson,55,+30 6910165423,bank_account,4310-7714-5269-8290,1,buyer_image_201.jpg
202,Jordan,Johnson,56,+30 6981501246,credit,4723-4648-1494-7119,5,buyer_image_202.jpg
203,Avery,Taylor,25,+30 6990190338,bank_account,4996-7123-1341-4239,3,buyer_image_203.jpg
204,Robin,Martinez,47,+30 6955034891,credit,4725-1051-1527-8560,1,buyer_image_204.jpg
205,Taylor,Brown,22,+30 6997341387,debit,4035-5438-1092-7985,2,buyer_image_205.jpg
206,Dakota,Taylor,23,+30 6970918236,credit,4311-4541-4394-2151,2,buyer_image_206.jpg
207,Alex,Taylor,26,+30 6990596850,debit,4393-3287-1170-2078,1,buyer_image_207.jpg
208,Taylor,Martinez,23,+30 6953775314,credit,4025-8971-4983-7609,3,buyer_image_208.jpg
209,Taylor,Brown,63,+30 6995168244,credit,4780-1488-1508-7292,1,buyer_image_209.jpg
210,Avery,Anderson,48,+30 6987889228,credit,4996-6454-6874-3415,2,buyer_image_210.jpg
211,Jamie,Taylor,31,+30 6997594238,debit,4596-8611-9425-9265,2,buyer_image_211.jpg
212,Casey,Miller,70,+30 6966103659,credit,4501-4612-9842-7110,3,buyer_image_212.jpg
213,Jordan,Davis,41,+30 6926957662,credit,4886-5989-5425-6295,1,buyer_image_213.jpg
214,Charlie,Lee,68,+30 6940804045,debit,4981-2217-7036-1615,3,buyer_image_214.jpg
215,Jamie,Taylor,64,+30 6991884007,credit,4348-5108-2344-7562,5,buyer_image_215.jpg
216,Morgan,Miller,48,+30 6984623945,bank_account,4824-5705-8725-1483,3,buyer_image_216.jpg
217,Alex,Garcia,41,+30 6949577686,credit,4142-3927-8074-9151,1,buyer_image_217.jpg
218,Alex,Anderson,37,+30 6932035266,debit,4660-6982-7643-3928,5,buyer_image_218.jpg
219,Casey,Anderson,21,+30 6957150042,bank_account,4992-7782-5085-6274,1,buyer_image_219.jpg
220,Robin,Johnson,28,+30 6950361490,credit,4614-1112-6151-5370,4,buyer_image_220.jpg
221,Jordan,Taylor,34,+30 6972111679,bank_account,4777-9035-4248-2822,3,buyer_image_221.jpg
222,Jordan,Smith,48,+30 6926970763,credit,4101-1715-6219-5376,4,buyer_image_222.jpg
223,Dakota,Smith,63,+30 6927829592,debit,4616-7203-7382-3148,2,buyer_image_223.jpg
224,Casey,Miller,34,+30 6923243559,bank_account,4617-7088-8080-6663,3,buyer_image_224.jpg
225,Charlie,Johnson,54,+30 6942587168,debit,4190-1642-5101-7256,5,buyer_image_225.jpg
226,Casey,Garcia,62,+30 6932222238,debit,4600-3705-6661-1476,5,buyer_image_226.jpg
227,Morgan,Anderson,36,+30 6981448191,debit,4104-7912-3293-5763,3,buyer_image_227.jpg
228,Robin,Johnson,47,+30 6981292060,credit,4035-5128-9833-7480,3,buyer_image_228.jpg
229,Jamie,Martinez,40,+30 6917619573,credit,4049-7506-5540-6631,3,buyer_image_229.jpg
230,Jordan,Smith,54,+30 6957523658,bank_account,4302-9789-9552-6110,2,buyer_image_230.jpg
231,Casey,Miller,63,+30 6988246657,credit,4878-3471-9029-5266,5,buyer_image_231.jpg
232,Taylor,Garcia,46,+30 6984111014,credit,4179-5421-9603-6086,2,buyer_image_232.jpg
233,Taylor,Taylor,47,+30 6929703983,credit,4953-1045-5130-7638,5,buyer_image_233.jpg
234,Jordan,Lee,54,+30 6974125785,bank_account,4689-8055-9028-6043,2,buyer_image_234.jpg
235,Robin,Smith,45,+30 6993993979,bank_account,4239-3417-5989-7272,4,buyer_image_235.jpg
236,Avery,Johnson,66,+30 6986707074,credit,4494-5354-1484-1892,3,buyer_image_236.jpg
237,Avery,Smith,46,+30 6914835231,bank_account,4240-5191-8998-7139,1,buyer_image_237.jpg
238,Avery,Johnson,30,+30 6988750604,bank_account,4078-4575-1948-3396,5,buyer_image_238.jpg
239,Dakota,Smith,36,+30 6980227729,credit,4690-2208-7030-3488,3,buyer_image_239.jpg
240,Taylor,Anderson,35,+30 6933633261,debit,4672-2198-5344-7648,2,buyer_image_240.jpg
241,Casey,Miller,66,+30 6931276402,bank_account,4280-2519-9672-9038,1,buyer_image_241.jpg
242,Casey,Lee,68,+30 6962054430,debit,4390-3221-1749-7154,3,buyer_image_242.jpg
243,Alex,Lee,34,+30 6970829781,debit,4729-3229-4452-4661,3,buyer_image_243.jpg
244,Alex,Johnson,42,+30 6963230383,debit,4361-2729-9478-1519,5,buyer_image_244.jpg
245,Jamie,Lee,65,+30 6948932077,bank_account,4372-9364-6929-5036,4,buyer_image_245.jpg
246,Alex,Taylor,62,+30 6915836530,credit,4029-9618-7786-6097,4,buyer_image_246.jpg
247,Avery,Lee,61,+30 6982162163,credit,4021-4885-5606-1942,2,buyer_image_247.jpg
248,Jamie,Martinez,32,+30 6980229322,bank_account,4579-2546-3254-4097,1,buyer_image_248.jpg
249,Charlie,Miller,26,+30 6930677244,debit,4272-6060-5492-3892,5,buyer_image_249.jpg
250,Jordan,Taylor,63,+30 6987966730,credit,4988-4778-3984-3624,5,buyer_image_250.jpg
251,Alex,Anderson,64,+30 6980430002,credit,4466-4691-5272-4983,5,buyer_image_251.jpg
252,Morgan,Smith,63,+30 6931912525,bank_account,4708-2604-8185-2279,5,buyer_image_252.jpg
253,Morgan,Miller,64,+30 6983997624,credit,4697-1369-1278-5709,3,buyer_image_253.jpg
254,Casey,Davis,44,+30 6913984793,credit,4693-4297-5113-3145,1,buyer_image_254.jpg
255,Dakota,Garcia,30,+30 6942230786,debit,4899-7408-2322-6883,2,buyer_image_255.jpg
256,Taylor,Smith,39,+30 6934065111,bank_account,4253-6413-3117-2276,4,buyer_image_256.jpg
257,Taylor,Johnson,26,+30 6944614173,credit,4039-3791-6183-6871,5,buyer_image_257.jpg
258,Charlie,Johnson,68,+30 6983464610,debit,4928-3744-2640-3283,4,buyer_image_258.jpg
259,Alex,Miller,31,+30 6990581584,credit,4436-2497-3357-3940,4,buyer_image_259.jpg
260,Avery,Lee,67,+30 6955630089,credit,4931-1418-4121-9314,5,buyer_image_260.jpg
261,Morgan,Smith,25,+30 6913739905,credit,4233-5213-3722-8068,4,buyer_image_261.jpg
262,Alex,Brown,24,+30 6961807934,credit,4072-7681-4340-6446,3,buyer_image_262.jpg
263,Charlie,Anderson,56,+30 6965102455,debit,4515-1565-7687-8582,5,buyer_image_263.jpg
264,Casey,Johnson,24,+30 6986682299,bank_account,4011-2673-5684-6241,2,buyer_image_264.jpg
265,Casey,Lee,65,+30 6913980434,credit,4461-4836-2028-7396,1,buyer_image_265.jpg
266,Casey,Anderson,22,+30 6927645567,debit,4704-3530-7143-2793,5,buyer_image_266.jpg
267,Charlie,Lee,60,+30 6945886122,credit,4584-9292-2706-4626,3,buyer_image_267.jpg
268,Dakota,Taylor,41,+30 6988156403,bank_account,4286-5869-2310-7313,5,buyer_image_268.jpg
269,Robin,Taylor,41,+30 6934663352,bank_account,4479-2195-4733-6242,3,buyer_image_269.jpg
270,Robin,Taylor,61,+30 6973026336,bank_account,4891-9839-5129-4539,1,buyer_image_270.jpg
271,Charlie,Lee,21,+30 6929181416,credit,4674-1327-5936-4305,2,buyer_image_271.jpg
272,Jordan,Martinez,57,+30 6917640182,credit,4486-1394-3501-6527,1,buyer_image_272.jpg
273,Taylor,Smith,41,+30 6970576738,debit,4832-6922-4576-9341,3,buyer_image_273.jpg
274,Alex,Johnson,41,+30 6930648704,bank_account,4179-9954-9314-7940,2,buyer_image_274.jpg
275,Alex,Martinez,56,+30 6918621626,debit,4009-6292-2404-9645,2,buyer_image_275.jpg
276,Charlie,Taylor,29,+30 6996648516,debit,4317-7109-8721-3389,1,buyer_image_276.jpg
277,Jordan,Martinez,39,+30 6970339435,bank_account,4462-1390-4820-8065,1,buyer_image_277.jpg
278,Robin,Brown,56,+30 6916177948,debit,4564-3048-8397-1024,4,buyer_image_278.jpg
279,Dakota,Smith,50,+30 6924021647,debit,4662-8175-1038-2701,1,buyer_image_279.jpg
280,Dakota,Brown,51,+30 6933306071,credit,4470-8005-8082-5518,2,buyer_image_280.jpg
281,Taylor,Johnson,54,+30 6968712680,bank_account,4245-3133-3297-5013,1,buyer_image_281.jpg
282,Dakota,Davis,18,+30 6965790117,credit,4377-3539-1971-5972,1,buyer_image_282.jpg
283,Morgan,Brown,24,+30 6989066523,credit,4179-3050-9381-8158,4,buyer_image_283.jpg
284,Morgan,Lee,59,+30 6936511321,debit,4752-5843-5778-4465,3,buyer_image_284.jpg
285,Charlie,Davis,23,+30 6956292118,debit,4575-5637-5399-7382,3,buyer_image_285.jpg
286,Charlie,Martinez,54,+30 6954836117,bank_account,4840-2662-3519-6804,1,buyer_image_286.jpg
287,Robin,Brown,44,+30 6954790626,bank_account,4053-6827-7784-8949,1,buyer_image_287.jpg
288,Alex,Smith,37,+30 6965096603,bank_account,4867-1092-8568-3766,5,buyer_image_288.jpg
289,Alex,Smith,29,+30 6988010252,bank_account,4647-8048-8258-7405,1,buyer_image_289.jpg
290,Charlie,Martinez,55,+30 6964881278,credit,4359-6337-3232-4325,4,buyer_image_290.jpg
291,Morgan,Martinez,18,+30 6912990565,debit,4527-7616-5103-4400,5,buyer_image_291.jpg
292,Casey,Garcia,39,+30 6927328778,debit,4122-1811-5173-3824,4,buyer_image_292.jpg
293,Taylor,Lee,47,+30 6977906819,credit,4365-8288-7827-1680,1,buyer_image_293.jpg
294,Morgan,Davis,51,+30 6935579539,bank_account,4519-6729-1635-4726,1,buyer_image_294.jpg
295,Taylor,Davis,26,+30 6946455455,debit,4244-1225-7000-3352,2,buyer_image_295.jpg
296,Charlie,Brown,53,+30 6934326690,bank_account,4870-1445-5117-2919,2,buyer_image_296.jpg
297,Charlie,Davis,48,+30 6919619690,credit,4814-9283-6510-3074,5,buyer_image_297.jpg
298,Robin,Taylor,55,+30 6986349264,debit,4147-9968-8427-8289,1,buyer_image_298.jpg
299,Jamie,Taylor,56,+30 6919521355,debit,4628-5297-9690-7548,1,buyer_image_299.jpg
300,Morgan,Brown,45,+30 6960183685,bank_account,4992-3593-7027-3594,3,buyer_image_300.jpg
301,Casey,Martinez,32,+30 6971407294,credit,4131-5416-4828-9702,5,buyer_image_301.jpg
302,Dakota,Martinez,70,+30 6946724578,credit,4469-4627-1102-1284,4,buyer_image_302.jpg
303,Dakota,Brown,34,+30 6942070205,bank_account,4214-7547-8265-8178,1,buyer_image_303.jpg
304,Taylor,Davis,44,+30 6918363918,bank_account,4282-7643-8095-9876,2,buyer_image_304.jpg
305,Jordan,Anderson,27,+30 6964187761,debit,4643-6038-9625-4294,5,buyer_image_305.jpg
306,Jordan,Johnson,28,+30 6958035470,bank_account,4560-6731-4254-5611,3,buyer_image_306.jpg
307,Alex,Anderson,29,+30 6986844677,credit,4902-9857-1171-9147,5,buyer_image_307.jpg
308,Casey,Brown,65,+30 6988024089,debit,4093-9991-5754-5765,1,buyer_image_308.jpg
309,Taylor,Miller,42,+30 6982845131,bank_account,4131-4252-3368-1195,4,buyer_image_309.jpg
310,Jamie,Miller,63,+30 6957412742,debit,4197-9653-8444-6632,4,buyer_image_310.jpg
311,Jordan,Smith,34,+30 6947408436,debit,4167-1850-7842-4836,3,buyer_image_311.jpg
312,Casey,Taylor,49,+30 6966600106,credit,4218-5122-5097-9577,2,buyer_image_312.jpg
313,Jordan,Martinez,36,+30 6994642139,credit,4658-5089-9758-2720,2,buyer_image_313.jpg
314,Robin,Miller,68,+30 6993286736,credit,4159-4297-8901-1845,1,buyer_image_314.jpg
315,Robin,Miller,20,+30 6992321631,debit,4745-2036-2085-3551,2,buyer_image_315.jpg
316,Jordan,Johnson,39,+30 6996153298,bank_account,4050-1970-9488-9384,2,buyer_image_316.jpg
317,Casey,Brown,26,+30 6982614525,bank_account,4628-8865-5259-4488,5,buyer_image_317.jpg
318,Robin,Martinez,70,+30 6915626865,debit,4225-7431-6570-4280,4,buyer_image_318.jpg
319,Jordan,Johnson,39,+30 6992835896,debit,4031-8789-6722-6095,3,buyer_image_319.jpg
320,Jamie,Davis,60,+30 6997279418,credit,4464-2693-7260-1997,3,buyer_image_320.jpg
321,Jordan,Johnson,29,+30 6958361175,credit,4872-6268-1792-7117,3,buyer_image_321.jpg
322,Alex,Johnson,20,+30 6946199505,bank_account,4325-5070-2805-7372,4,buyer_image_322.jpg
323,Dakota,Smith,61,+30 6983548216,bank_account,4095-4380-8440-8555,3,buyer_image_323.jpg
324,Jordan,Johnson,38,+30 6975009649,credit,4210-7248-1420-1250,4,buyer_image_324.jpg
325,Jordan,Davis,35,+30 6920962593,bank_account,4905-1919-2233-8609,1,buyer_image_325.jpg
326,Robin,Lee,65,+30 6982549935,debit,4608-1633-1232-9621,5,buyer_image_326.jpg
327,Robin,Anderson,47,+30 6936108878,debit,4623-9621-5519-2258,1,buyer_image_327.jpg
328,Dakota,Garcia,27,+30 6958703985,credit,4873-3659-8327-9889,3,buyer_image_328.jpg
329,Dakota,Miller,59,+30 6966907378,bank_account,4404-1269-9071-6621,5,buyer_image_329.jpg
330,Avery,Davis,36,+30 6968581353,bank_account,4628-1900-7418-5335,3,buyer_image_330.jpg
331,Taylor,Smith,31,+30 6916726484,debit,4868-6347-6286-3180,3,buyer_image_331.jpg
332,Charlie,Anderson,53,+30 6913219770,bank_account,4891-6073-4020-7728,5,buyer_image_332.jpg
333,Jamie,Brown,42,+30 6932048676,bank_account,4741-1372-2760-5534,2,buyer_image_333.jpg
334,Casey,Brown,63,+30 6995610182,debit,4079-2678-9085-6795,2,buyer_image_334.jpg
335,Morgan,Johnson,50,+30 6928113908,debit,4053-8141-5767-2253,4,buyer_image_335.jpg
336,Taylor,Johnson,38,+30 6979784316,credit,4074-6438-3309-6259,5,buyer_image_336.jpg
337,Jordan,Lee,21,+30 6916192020,credit,4664-7707-3887-7109,5,buyer_image_337.jpg
338,Morgan,Lee,62,+30 6933300465,bank_account,4599-1047-7870-4676,2,buyer_image_338.jpg
339,Charlie,Taylor,21,+30 6920911017,debit,4687-2447-6594-8750,2,buyer_image_339.jpg
340,Robin,Miller,45,+30 6985119700,debit,4386-8396-8310-7272,3,buyer_image_340.jpg
341,Dakota,Miller,58,+30 6998929297,credit,4712-3191-5142-6017,1,buyer_image_341.jpg
342,Morgan,Garcia,35,+30 6948269662,bank_account,4124-7311-1811-5879,3,buyer_image_342.jpg
343,Morgan,Anderson,47,+30 6962141246,credit,4995-3507-5864-1829,3,buyer_image_343.jpg
344,Charlie,Smith,36,+30 6972243233,credit,4246-7553-6335-2955,2,buyer_image_344.jpg
345,Charlie,Taylor,60,+30 6933144252,bank_account,4202-5243-4589-8473,5,buyer_image_345.jpg
346,Morgan,Anderson,39,+30 6915135577,debit,4037-3251-4620-9948,1,buyer_image_346.jpg
347,Jordan,Anderson,63,+30 6966642271,debit,4588-3644-9734-4590,1,buyer_image_347.jpg
348,Jordan,Lee,47,+30 6976659697,debit,4475-9849-2105-7326,3,buyer_image_348.jpg
349,Alex,Davis,23,+30 6947835637,bank_account,4624-8568-5701-2395,2,buyer_image_349.jpg
350,Alex,Martinez,31,+30 6925671306,credit,4483-8120-8202-7915,2,buyer_image_350.jpg
351,Casey,Miller,58,+30 6923315093,debit,4760-6047-3344-4812,3,buyer_image_351.jpg
352,Dakota,Miller,26,+30 6945136010,credit,4996-1375-1328-8080,1,buyer_image_352.jpg
353,Dakota,Johnson,52,+30 6947551698,debit,4392-1969-3539-2820,1,buyer_image_353.jpg
354,Dakota,Martinez,22,+30 6957327681,debit,4583-8985-1835-7262,2,buyer_image_354.jpg
355,Jordan,Lee,26,+30 6922282623,debit,4163-8274-1168-7994,3,buyer_image_355.jpg
356,Alex,Smith,64,+30 6964566701,debit,4139-8113-9801-7882,4,buyer_image_356.jpg
357,Taylor,Taylor,66,+30 6971167749,credit,4333-8822-7061-8485,4,buyer_image_357.jpg
358,Robin,Martinez,68,+30 6972363351,credit,4908-4919-5354-5642,5,buyer_image_358.jpg
359,Alex,Lee,22,+30 6979397468,bank_account,4612-7110-5555-7591,5,buyer_image_359.jpg
360,Jordan,Johnson,42,+30 6935146666,bank_account,4086-9876-5571-3185,3,buyer_image_360.jpg
361,Alex,Martinez,28,+30 6915592770,bank_account,4815-1886-6124-1855,3,buyer_image_361.jpg
362,Alex,Davis,54,+30 6984458714,bank_account,4217-6161-5078-4108,2,buyer_image_362.jpg
363,Alex,Brown,45,+30 6957464904,credit,4987-8791-7184-7724,2,buyer_image_363.jpg
364,Jamie,Lee,25,+30 6966752599,debit,4908-8698-9666-8845,2,buyer_image_364.jpg
365,Jamie,Taylor,51,+30 6938737989,bank_account,4003-5186-3928-2968,3,buyer_image_365.jpg
366,Alex,Anderson,67,+30 6991315297,credit,4437-9106-4332-1888,5,buyer_image_366.jpg
367,Avery,Smith,51,+30 6995191860,debit,4660-8080-1717-5862,5,buyer_image_367.jpg
368,Avery,Lee,70,+30 6921801432,credit,4974-4220-1464-7787,2,buyer_image_368.jpg
369,Robin,Taylor,25,+30 6964777483,credit,4153-6213-7317-8476,3,buyer_image_369.jpg
370,Robin,Lee,36,+30 6993577968,debit,4919-7325-9003-1052,4,buyer_image_370.jpg
371,Avery,Taylor,43,+30 6921114282,credit,4769-4950-5646-6949,3,buyer_image_371.jpg
372,Robin,Miller,42,+30 6924703020,bank_account,4658-8306-2646-3244,1,buyer_image_372.jpg
373,Jordan,Brown,19,+30 6999065889,credit,4106-6024-2354-8001,1,buyer_image_373.jpg
374,Taylor,Garcia,39,+30 6973695212,debit,4379-1685-4126-1728,1,buyer_image_374.jpg
375,Casey,Davis,23,+30 6917197110,bank_account,4075-5799-3742-5385,2,buyer_image_375.jpg
376,Alex,Miller,58,+30 6934250495,debit,4662-3795-9918-1016,5,buyer_image_376.jpg
377,Alex,Brown,22,+30 6967907556,bank_account,4213-3362-8628-8620,5,buyer_image_377.jpg
378,Casey,Miller,69,+30 6944151396,credit,4611-5121-9642-6452,4,buyer_image_378.jpg
379,Charlie,Smith,39,+30 6962135269,credit,4220-1725-6562-1847,2,buyer_image_379.jpg
380,Taylor,Brown,29,+30 6979821206,credit,4558-2815-4182-5616,2,buyer_image_380.jpg
381,Jamie,Brown,32,+30 6985073957,credit,4727-8572-6362-9226,3,buyer_image_381.jpg
382,Morgan,Garcia,40,+30 6968284266,credit,4662-9820-8372-9715,1,buyer_image_382.jpg
383,Alex,Brown,47,+30 6921733747,debit,4785-2811-9286-9711,4,buyer_image_383.jpg
384,Jordan,Lee,54,+30 6958447345,debit,4961-7270-9913-9764,4,buyer_image_384.jpg
385,Dakota,Lee,56,+30 6983483539,debit,4239-2614-5536-6626,1,buyer_image_385.jpg
386,Robin,Brown,50,+30 6987724654,bank_account,4475-8931-8382-1177,3,buyer_image_386.jpg
387,Jamie,Smith,21,+30 6989419091,bank_account,4532-4920-1980-3060,4,buyer_image_387.jpg
388,Morgan,Lee,52,+30 6970620695,bank_account,4977-9096-1196-9226,5,buyer_image_388.jpg
389,Dakota,Smith,58,+30 6925048207,bank_account,4066-6436-7183-9859,1,buyer_image_389.jpg
390,Casey,Anderson,30,+30 6982310276,debit,4697-2380-7890-7370,3,buyer_image_390.jpg
391,Casey,Miller,62,+30 6922683228,credit,4135-9957-8747-9772,1,buyer_image_391.jpg
392,Taylor,Smith,69,+30 6969752399,debit,4845-9454-9875-1551,5,buyer_image_392.jpg
393,Casey,Brown,24,+30 6965828509,bank_account,4630-1455-7050-6734,5,buyer_image_393.jpg
394,Alex,Johnson,39,+30 6981276664,debit,4364-1893-8176-5369,1,buyer_image_394.jpg
395,Robin,Davis,30,+30 6936392951,bank_account,4110-2275-1493-7439,3,buyer_image_395.jpg
396,Dakota,Johnson,36,+30 6948714225,credit,4834-6908-4136-5117,1,buyer_image_396.jpg
397,Charlie,Johnson,63,+30 6946570298,debit,4237-8619-5577-2567,5,buyer_image_397.jpg
398,Taylor,Brown,47,+30 6984945688,bank_account,4321-7901-1887-4954,2,buyer_image_398.jpg
399,Alex,Lee,42,+30 6948226783,debit,4873-7155-3942-4251,3,buyer_image_399.jpg
400,Alex,Lee,62,+30 6930029327,bank_account,4548-2393-3738-4544,4,buyer_image_400.jpg
401,Jamie,Smith,30,+30 6957587476,credit,4303-7302-7170-8324,3,buyer_image_401.jpg
402,Morgan,Johnson,21,+30 6921504350,credit,4378-1689-9727-5549,5,buyer_image_402.jpg
403,Taylor,Brown,50,+30 6992829418,credit,4252-8872-3608-1699,5,buyer_image_403.jpg
404,Charlie,Anderson,40,+30 6999128632,credit,4502-8600-8057-5785,3,buyer_image_404.jpg
405,Robin,Anderson,65,+30 6929759788,debit,4981-6248-9854-6123,4,buyer_image_405.jpg
406,Jamie,Lee,28,+30 6935147577,bank_account,4057-2965-2299-9141,2,buyer_image_406.jpg
407,Jamie,Smith,59,+30 6998646312,bank_account,4863-2524-7977-5838,3,buyer_image_407.jpg
408,Jamie,Taylor,59,+30 6921479698,credit,4395-1659-1485-8040,2,buyer_image_408.jpg
409,Morgan,Davis,31,+30 6954352949,credit,4689-2727-3011-7839,1,buyer_image_409.jpg
410,Charlie,Martinez,54,+30 6998701732,credit,4576-3559-1878-4208,5,buyer_image_410.jpg
411,Charlie,Lee,24,+30 6982385852,debit,4531-6305-1067-5733,5,buyer_image_411.jpg
412,Alex,Lee,57,+30 6980941232,debit,4182-1162-1216-5976,2,buyer_image_412.jpg
413,Jamie,Davis,42,+30 6985015713,credit,4719-1848-4236-8510,2,buyer_image_413.jpg
414,Avery,Miller,55,+30 6935964244,debit,4136-8996-4744-4479,2,buyer_image_414.jpg
415,Dakota,Brown,45,+30 6917323622,bank_account,4727-5883-6491-6379,3,buyer_image_415.jpg
416,Avery,Smith,58,+30 6930565549,bank_account,4624-4582-1122-5832,5,buyer_image_416.jpg
417,Jordan,Taylor,57,+30 6970198413,credit,4487-8522-6835-7109,4,buyer_image_417.jpg
418,Alex,Taylor,64,+30 6914935492,debit,4443-1899-5240-3403,5,buyer_image_418.jpg
419,Casey,Davis,64,+30 6973701132,bank_account,4857-4839-1318-9672,5,buyer_image_419.jpg
420,Jamie,Brown,50,+30 6990080058,bank_account,4968-2292-3876-4856,3,buyer_image_420.jpg
421,Taylor,Lee,58,+30 6926008719,debit,4658-8701-1304-4198,5,buyer_image_421.jpg
422,Alex,Garcia,43,+30 6948082361,bank_account,4551-4435-7081-5109,1,buyer_image_422.jpg
423,Dakota,Smith,70,+30 6977617878,bank_account,4122-7808-7218-3507,2,buyer_image_423.jpg
424,Dakota,Davis,40,+30 6967632321,credit,4547-7476-8662-7421,5,buyer_image_424.jpg
425,Alex,Taylor,53,+30 6957741923,credit,4629-6976-1988-4187,5,buyer_image_425.jpg
426,Morgan,Taylor,63,+30 6997064002,bank_account,4621-6838-3956-1989,4,buyer_image_426.jpg
427,Dakota,Brown,42,+30 6966464375,credit,4554-2190-4946-2709,5,buyer_image_427.jpg
428,Morgan,Lee,29,+30 6989083405,bank_account,4822-6081-3192-1250,4,buyer_image_428.jpg
429,Robin,Martinez,29,+30 6927651826,credit,4016-2311-1949-5346,1,buyer_image_429.jpg
430,Taylor,Smith,32,+30 6997759722,bank_account,4205-3641-2536-3324,4,buyer_image_430.jpg
431,Jamie,Johnson,21,+30 6964809016,credit,4523-1274-1700-3975,4,buyer_image_431.jpg
432,Alex,Lee,60,+30 6990450251,credit,4308-4198-1601-9781,2,buyer_image_432.jpg
433,Morgan,Brown,62,+30 6936577991,credit,4507-3487-1955-4733,3,buyer_image_433.jpg
434,Jamie,Brown,38,+30 6936883005,credit,4063-3454-3189-4065,4,buyer_image_434.jpg
435,Avery,Smith,59,+30 6920212942,bank_account,4618-6645-7034-7275,5,buyer_image_435.jpg
436,Robin,Smith,38,+30 6944407071,debit,4377-3256-8506-3458,3,buyer_image_436.jpg
437,Casey,Lee,57,+30 6915791710,bank_account,4573-3335-1577-2481,1,buyer_image_437.jpg
438,Charlie,Taylor,44,+30 6942424694,credit,4363-7799-1078-6393,1,buyer_image_438.jpg
439,Avery,Davis,22,+30 6929217188,bank_account,4132-1138-5767-3881,4,buyer_image_439.jpg
440,Morgan,Davis,62,+30 6949841155,bank_account,4004-3043-4768-4874,3,buyer_image_440.jpg
441,Jordan,Brown,49,+30 6995729988,credit,4137-8403-1262-1195,1,buyer_image_441.jpg
442,Taylor,Martinez,35,+30 6930739633,credit,4928-5566-5428-9133,2,buyer_image_442.jpg
443,Robin,Garcia,63,+30 6958009620,debit,4512-8994-6241-8969,1,buyer_image_443.jpg
444,Casey,Brown,37,+30 6984028182,debit,4952-8912-2293-3375,5,buyer_image_444.jpg
445,Dakota,Davis,35,+30 6971787854,bank_account,4350-7460-2251-9478,3,buyer_image_445.jpg
446,Alex,Garcia,68,+30 6922653171,bank_account,4673-1155-7882-7025,2,buyer_image_446.jpg
447,Morgan,Johnson,31,+30 6961954907,debit,4851-6403-2065-9058,3,buyer_image_447.jpg
448,Jamie,Miller,42,+30 6935886315,debit,4960-9351-4841-8107,1,buyer_image_448.jpg
449,Avery,Davis,27,+30 6992242058,bank_account,4844-3235-3618-7502,1,buyer_image_449.jpg
450,Alex,Garcia,37,+30 6957174099,bank_account,4354-2835-2419-9003,3,buyer_image_450.jpg
451,Robin,Johnson,44,+30 6984804959,bank_account,4563-3156-1153-8750,1,buyer_image_451.jpg
452,Robin,Davis,51,+30 6955792979,bank_account,4345-7739-4838-6788,3,buyer_image_452.jpg
453,Jordan,Miller,22,+30 6935124828,credit,4670-9457-6141-4377,4,buyer_image_453.jpg
454,Charlie,Taylor,45,+30 6915706463,debit,4377-1644-4930-5013,1,buyer_image_454.jpg
455,Morgan,Brown,54,+30 6932752464,credit,4167-5945-4448-4706,1,buyer_image_455.jpg
456,Avery,Taylor,42,+30 6994585705,debit,4888-4770-7229-5325,4,buyer_image_456.jpg
457,Robin,Johnson,44,+30 6949768320,credit,4532-2040-1144-3769,1,buyer_image_457.jpg
458,Casey,Smith,64,+30 6949771959,credit,4399-1336-3391-2658,4,buyer_image_458.jpg
459,Casey,Johnson,23,+30 6991713315,credit,4098-1303-7217-6660,2,buyer_image_459.jpg
460,Avery,Anderson,48,+30 6941480102,bank_account,4657-1647-9259-2754,3,buyer_image_460.jpg
461,Charlie,Miller,34,+30 6955718548,bank_account,4887-6947-5894-7647,4,buyer_image_461.jpg
462,Avery,Garcia,61,+30 6982524693,bank_account,4446-7802-5038-4823,3,buyer_image_462.jpg
463,Avery,Davis,33,+30 6972909590,debit,4252-5755-5068-8347,3,buyer_image_463.jpg
464,Robin,Lee,29,+30 6943107097,debit,4239-7910-8289-9646,3,buyer_image_464.jpg
465,Robin,Davis,44,+30 6996407211,credit,4073-3156-3318-5859,4,buyer_image_465.jpg
466,Charlie,Garcia,23,+30 6938503196,credit,4150-4459-2855-1239,3,buyer_image_466.jpg
467,Alex,Lee,53,+30 6994978879,bank_account,4750-9784-1750-5351,3,buyer_image_467.jpg
468,Casey,Johnson,50,+30 6948763396,debit,4933-7223-6405-1526,2,buyer_image_468.jpg
469,Dakota,Johnson,39,+30 6972324784,bank_account,4788-6468-6987-5961,1,buyer_image_469.jpg
470,Casey,Davis,43,+30 6969223303,bank_account,4481-4479-1588-8044,4,buyer_image_470.jpg
471,Avery,Miller,70,+30 6955765725,credit,4728-4923-2546-9307,5,buyer_image_471.jpg
472,Taylor,Davis,39,+30 6994177028,credit,4961-2273-3445-6056,2,buyer_image_472.jpg
473,Charlie,Miller,35,+30 6967265853,credit,4676-2813-3995-1068,2,buyer_image_473.jpg
474,Jordan,Lee,37,+30 6999264365,debit,4044-5512-8192-1607,5,buyer_image_474.jpg
475,Morgan,Garcia,58,+30 6933599847,debit,4787-7062-9832-3799,1,buyer_image_475.jpg
476,Alex,Taylor,50,+30 6911131405,debit,4827-4403-2546-3520,3,buyer_image_476.jpg
477,Alex,Johnson,34,+30 6922977802,credit,4403-8659-7279-3749,5,buyer_image_477.jpg
478,Alex,Miller,53,+30 6922780608,bank_account,4253-2572-2003-7625,5,buyer_image_478.jpg
479,Charlie,Davis,33,+30 6946848917,credit,4760-7120-2362-1682,5,buyer_image_479.jpg
480,Avery,Anderson,48,+30 6977799982,bank_account,4409-7624-4943-2427,3,buyer_image_480.jpg
481,Jordan,Garcia,47,+30 6960356757,bank_account,4442-9700-3874-6616,4,buyer_image_481.jpg
482,Taylor,Johnson,32,+30 6942068629,debit,4506-3097-6322-9022,1,buyer_image_482.jpg
483,Morgan,Garcia,22,+30 6955766202,credit,4208-1644-8734-7322,3,buyer_image_483.jpg
484,Avery,Martinez,30,+30 6934829406,bank_account,4322-7841-6000-4713,4,buyer_image_484.jpg
485,Morgan,Davis,23,+30 6996087122,credit,4496-1946-5534-9650,3,buyer_image_485.jpg
486,Casey,Anderson,46,+30 6983306761,bank_account,4136-7310-8978-8048,4,buyer_image_486.jpg
487,Charlie,Anderson,65,+30 6969257723,credit,4743-7519-5076-7081,3,buyer_image_487.jpg
488,Alex,Anderson,63,+30 6963456909,debit,4094-7069-6089-9476,3,buyer_image_488.jpg
489,Alex,Brown,60,+30 6942830530,credit,4954-9227-4354-2832,2,buyer_image_489.jpg
490,Jordan,Garcia,24,+30 6959544141,debit,4176-8473-9853-7935,3,buyer_image_490.jpg
491,Avery,Lee,67,+30 6988673238,credit,4803-4913-4834-7270,5,buyer_image_491.jpg
492,Morgan,Martinez,18,+30 6925809185,bank_account,4482-7099-8457-7520,2,buyer_image_492.jpg
493,Robin,Taylor,23,+30 6920784960,debit,4125-5340-4515-9882,3,buyer_image_493.jpg
494,Casey,Anderson,30,+30 6972208522,debit,4709-2994-1146-6818,1,buyer_image_494.jpg
495,Avery,Smith,55,+30 6954363689,debit,4156-6898-9251-4961,5,buyer_image_495.jpg
496,Alex,Smith,68,+30 6960894369,credit,4328-2082-5056-5360,4,buyer_image_496.jpg
497,Jordan,Brown,67,+30 6941774067,credit,4550-7299-6006-6301,4,buyer_image_497.jpg
498,Alex,Brown,47,+30 6946692666,credit,4573-1544-7667-7367,4,buyer_image_498.jpg
499,Dakota,Johnson,51,+30 6981508886,debit,4060-6448-2406-3049,3,buyer_image_499.jpg
500,Casey,Davis,34,+30 6944155120,bank_account,4297-2542-2871-4381,4,buyer_image_500.jpg
