staff_id,name,age,role_id,level_id,image
1,StaffMember_1,29,1,3,staff_image_1.jpg
2,StaffMember_2,28,1,1,staff_image_2.jpg
3,StaffMember_3,40,1,2,staff_image_3.jpg
4,StaffMember_4,58,1,1,staff_image_4.jpg
5,StaffMember_5,45,1,2,staff_image_5.jpg
6,StaffMember_6,57,1,3,staff_image_6.jpg
7,StaffMember_7,36,1,1,staff_image_7.jpg
8,StaffMember_8,40,1,2,staff_image_8.jpg
9,StaffMember_9,55,1,2,staff_image_9.jpg
10,StaffMember_10,57,1,3,staff_image_10.jpg
11,StaffMember_11,55,1,2,staff_image_11.jpg
12,StaffMember_12,50,1,1,staff_image_12.jpg
13,StaffMember_13,44,1,2,staff_image_13.jpg
14,StaffMember_14,25,1,2,staff_image_14.jpg
15,StaffMember_15,34,1,1,staff_image_15.jpg
16,StaffMember_16,52,1,1,staff_image_16.jpg
17,StaffMember_17,30,1,2,staff_image_17.jpg
18,StaffMember_18,37,1,3,staff_image_18.jpg
19,StaffMember_19,29,1,2,staff_image_19.jpg
20,StaffMember_20,32,1,2,staff_image_20.jpg
21,StaffMember_21,57,1,2,staff_image_21.jpg
22,StaffMember_22,21,1,3,staff_image_22.jpg
23,StaffMember_23,57,1,1,staff_image_23.jpg
24,StaffMember_24,31,1,1,staff_image_24.jpg
25,StaffMember_25,52,1,3,staff_image_25.jpg
26,StaffMember_26,26,1,3,staff_image_26.jpg
27,StaffMember_27,56,1,3,staff_image_27.jpg
28,StaffMember_28,60,1,3,staff_image_28.jpg
29,StaffMember_29,58,1,1,staff_image_29.jpg
30,StaffMember_30,45,1,1,staff_image_30.jpg
31,StaffMember_31,49,1,1,staff_image_31.jpg
32,StaffMember_32,25,1,3,staff_image_32.jpg
33,StaffMember_33,21,1,3,staff_image_33.jpg
34,StaffMember_34,44,1,1,staff_image_34.jpg
35,StaffMember_35,52,1,2,staff_image_35.jpg
36,StaffMember_36,20,1,3,staff_image_36.jpg
37,StaffMember_37,51,1,1,staff_image_37.jpg
38,StaffMember_38,36,1,2,staff_image_38.jpg
39,StaffMember_39,58,1,3,staff_image_39.jpg
40,StaffMember_40,31,1,1,staff_image_40.jpg
41,StaffMember_41,25,1,1,staff_image_41.jpg
42,StaffMember_42,43,1,2,staff_image_42.jpg
43,StaffMember_43,58,1,3,staff_image_43.jpg
44,StaffMember_44,35,1,3,staff_image_44.jpg
45,StaffMember_45,44,1,3,staff_image_45.jpg
46,StaffMember_46,30,1,2,staff_image_46.jpg
47,StaffMember_47,37,1,1,staff_image_47.jpg
48,StaffMember_48,40,1,3,staff_image_48.jpg
49,StaffMember_49,60,1,1,staff_image_49.jpg
50,StaffMember_50,58,1,3,staff_image_50.jpg
51,StaffMember_51,20,1,2,staff_image_51.jpg
52,StaffMember_52,40,1,3,staff_image_52.jpg
53,StaffMember_53,59,1,3,staff_image_53.jpg
54,StaffMember_54,52,1,1,staff_image_54.jpg
55,StaffMember_55,21,1,1,staff_image_55.jpg
56,StaffMember_56,54,1,3,staff_image_56.jpg
57,StaffMember_57,23,1,3,staff_image_57.jpg
58,StaffMember_58,23,1,1,staff_image_58.jpg
59,StaffMember_59,48,1,3,staff_image_59.jpg
60,StaffMember_60,49,1,2,staff_image_60.jpg
61,StaffMember_61,59,1,2,staff_image_61.jpg
62,StaffMember_62,57,1,1,staff_image_62.jpg
63,StaffMember_63,38,1,3,staff_image_63.jpg
64,StaffMember_64,24,1,2,staff_image_64.jpg
65,StaffMember_65,20,1,1,staff_image_65.jpg
66,StaffMember_66,44,1,2,staff_image_66.jpg
67,StaffMember_67,35,1,1,staff_image_67.jpg
68,StaffMember_68,41,1,2,staff_image_68.jpg
69,StaffMember_69,52,1,3,staff_image_69.jpg
70,StaffMember_70,25,1,3,staff_image_70.jpg
71,StaffMember_71,59,1,1,staff_image_71.jpg
72,StaffMember_72,36,1,2,staff_image_72.jpg
73,StaffMember_73,24,1,1,staff_image_73.jpg
74,StaffMember_74,40,1,3,staff_image_74.jpg
75,StaffMember_75,20,1,3,staff_image_75.jpg
76,StaffMember_76,46,1,2,staff_image_76.jpg
77,StaffMember_77,37,1,1,staff_image_77.jpg
78,StaffMember_78,27,1,3,staff_image_78.jpg
79,StaffMember_79,54,1,3,staff_image_79.jpg
80,StaffMember_80,35,1,1,staff_image_80.jpg
81,StaffMember_81,55,1,2,staff_image_81.jpg
82,StaffMember_82,20,1,2,staff_image_82.jpg
83,StaffMember_83,46,1,3,staff_image_83.jpg
84,StaffMember_84,25,1,1,staff_image_84.jpg
85,StaffMember_85,52,1,2,staff_image_85.jpg
86,StaffMember_86,37,1,3,staff_image_86.jpg
87,StaffMember_87,22,1,1,staff_image_87.jpg
88,StaffMember_88,57,1,2,staff_image_88.jpg
89,StaffMember_89,45,1,2,staff_image_89.jpg
90,StaffMember_90,36,1,1,staff_image_90.jpg
91,StaffMember_91,37,1,2,staff_image_91.jpg
92,StaffMember_92,36,1,2,staff_image_92.jpg
93,StaffMember_93,55,1,3,staff_image_93.jpg
94,StaffMember_94,57,1,3,staff_image_94.jpg
95,StaffMember_95,21,1,2,staff_image_95.jpg
96,StaffMember_96,55,1,2,staff_image_96.jpg
97,StaffMember_97,37,1,1,staff_image_97.jpg
98,StaffMember_98,50,1,1,staff_image_98.jpg
99,StaffMember_99,55,1,2,staff_image_99.jpg
100,StaffMember_100,37,1,1,staff_image_100.jpg
101,StaffMember_101,41,1,2,staff_image_101.jpg
102,StaffMember_102,53,1,3,staff_image_102.jpg
103,StaffMember_103,51,1,2,staff_image_103.jpg
104,StaffMember_104,56,1,3,staff_image_104.jpg
105,StaffMember_105,48,1,3,staff_image_105.jpg
106,StaffMember_106,44,1,1,staff_image_106.jpg
107,StaffMember_107,47,1,2,staff_image_107.jpg
108,StaffMember_108,53,1,3,staff_image_108.jpg
109,StaffMember_109,43,1,2,staff_image_109.jpg
110,StaffMember_110,41,1,1,staff_image_110.jpg
111,StaffMember_111,52,1,1,staff_image_111.jpg
112,StaffMember_112,36,1,3,staff_image_112.jpg
113,StaffMember_113,36,1,3,staff_image_113.jpg
114,StaffMember_114,39,1,2,staff_image_114.jpg
115,StaffMember_115,44,1,1,staff_image_115.jpg
116,StaffMember_116,48,1,2,staff_image_116.jpg
117,StaffMember_117,33,1,1,staff_image_117.jpg
118,StaffMember_118,31,1,2,staff_image_118.jpg
119,StaffMember_119,33,1,3,staff_image_119.jpg
120,StaffMember_120,24,1,1,staff_image_120.jpg
121,StaffMember_121,25,1,1,staff_image_121.jpg
122,StaffMember_122,53,1,2,staff_image_122.jpg
123,StaffMember_123,21,1,1,staff_image_123.jpg
124,StaffMember_124,31,1,1,staff_image_124.jpg
125,StaffMember_125,27,1,1,staff_image_125.jpg
126,StaffMember_126,36,1,1,staff_image_126.jpg
127,StaffMember_127,54,1,3,staff_image_127.jpg
128,StaffMember_128,56,1,3,staff_image_128.jpg
129,StaffMember_129,34,1,2,staff_image_129.jpg
130,StaffMember_130,54,1,1,staff_image_130.jpg
131,StaffMember_131,35,1,1,staff_image_131.jpg
132,StaffMember_132,29,1,1,staff_image_132.jpg
133,StaffMember_133,25,1,2,staff_image_133.jpg
134,StaffMember_134,47,1,3,staff_image_134.jpg
135,StaffMember_135,47,1,1,staff_image_135.jpg
136,StaffMember_136,43,1,1,staff_image_136.jpg
137,StaffMember_137,26,1,3,staff_image_137.jpg
138,StaffMember_138,38,1,2,staff_image_138.jpg
139,StaffMember_139,54,1,3,staff_image_139.jpg
140,StaffMember_140,34,1,2,staff_image_140.jpg
141,StaffMember_141,26,1,1,staff_image_141.jpg
142,StaffMember_142,31,1,3,staff_image_142.jpg
143,StaffMember_143,21,1,3,staff_image_143.jpg
144,StaffMember_144,43,1,3,staff_image_144.jpg
145,StaffMember_145,51,1,3,staff_image_145.jpg
146,StaffMember_146,42,1,1,staff_image_146.jpg
147,StaffMember_147,32,1,3,staff_image_147.jpg
148,StaffMember_148,44,1,1,staff_image_148.jpg
149,StaffMember_149,40,1,2,staff_image_149.jpg
150,StaffMember_150,52,1,1,staff_image_150.jpg
151,StaffMember_151,59,1,2,staff_image_151.jpg
152,StaffMember_152,47,1,1,staff_image_152.jpg
153,StaffMember_153,56,1,1,staff_image_153.jpg
154,StaffMember_154,42,1,3,staff_image_154.jpg
155,StaffMember_155,57,1,1,staff_image_155.jpg
156,StaffMember_156,33,1,1,staff_image_156.jpg
157,StaffMember_157,37,1,2,staff_image_157.jpg
158,StaffMember_158,23,1,3,staff_image_158.jpg
159,StaffMember_159,39,1,2,staff_image_159.jpg
160,StaffMember_160,35,1,3,staff_image_160.jpg
161,StaffMember_161,20,1,2,staff_image_161.jpg
162,StaffMember_162,40,1,3,staff_image_162.jpg
163,StaffMember_163,20,1,3,staff_image_163.jpg
164,StaffMember_164,41,1,3,staff_image_164.jpg
165,StaffMember_165,52,1,1,staff_image_165.jpg
166,StaffMember_166,32,1,1,staff_image_166.jpg
167,StaffMember_167,49,1,1,staff_image_167.jpg
168,StaffMember_168,36,1,2,staff_image_168.jpg
169,StaffMember_169,20,1,3,staff_image_169.jpg
170,StaffMember_170,42,1,1,staff_image_170.jpg
171,StaffMember_171,39,1,1,staff_image_171.jpg
172,StaffMember_172,35,1,1,staff_image_172.jpg
173,StaffMember_173,27,1,2,staff_image_173.jpg
174,StaffMember_174,24,1,3,staff_image_174.jpg
175,StaffMember_175,22,1,1,staff_image_175.jpg
176,StaffMember_176,37,1,1,staff_image_176.jpg
177,StaffMember_177,58,1,3,staff_image_177.jpg
178,StaffMember_178,42,1,1,staff_image_178.jpg
179,StaffMember_179,31,1,2,staff_image_179.jpg
180,StaffMember_180,43,1,1,staff_image_180.jpg
181,StaffMember_181,55,1,2,staff_image_181.jpg
182,StaffMember_182,41,1,3,staff_image_182.jpg
183,StaffMember_183,40,1,1,staff_image_183.jpg
184,StaffMember_184,55,1,2,staff_image_184.jpg
185,StaffMember_185,30,1,1,staff_image_185.jpg
186,StaffMember_186,44,1,2,staff_image_186.jpg
187,StaffMember_187,59,1,3,staff_image_187.jpg
188,StaffMember_188,26,1,3,staff_image_188.jpg
189,StaffMember_189,59,1,3,staff_image_189.jpg
190,StaffMember_190,56,1,1,staff_image_190.jpg
191,StaffMember_191,28,1,3,staff_image_191.jpg
192,StaffMember_192,46,1,2,staff_image_192.jpg
193,StaffMember_193,30,1,2,staff_image_193.jpg
194,StaffMember_194,44,1,1,staff_image_194.jpg
195,StaffMember_195,49,1,2,staff_image_195.jpg
196,StaffMember_196,21,1,2,staff_image_196.jpg
197,StaffMember_197,44,1,2,staff_image_197.jpg
198,StaffMember_198,59,1,1,staff_image_198.jpg
199,StaffMember_199,55,1,1,staff_image_199.jpg
200,StaffMember_200,54,1,2,staff_image_200.jpg
201,StaffMember_201,23,2,3,staff_image_201.jpg
202,StaffMember_202,57,2,2,staff_image_202.jpg
203,StaffMember_203,57,2,3,staff_image_203.jpg
204,StaffMember_204,57,2,2,staff_image_204.jpg
205,StaffMember_205,35,2,1,staff_image_205.jpg
206,StaffMember_206,24,2,2,staff_image_206.jpg
207,StaffMember_207,23,2,2,staff_image_207.jpg
208,StaffMember_208,22,2,3,staff_image_208.jpg
209,StaffMember_209,36,2,3,staff_image_209.jpg
210,StaffMember_210,44,2,1,staff_image_210.jpg
211,StaffMember_211,40,2,2,staff_image_211.jpg
212,StaffMember_212,55,2,1,staff_image_212.jpg
213,StaffMember_213,27,2,1,staff_image_213.jpg
214,StaffMember_214,29,2,1,staff_image_214.jpg
215,StaffMember_215,52,2,1,staff_image_215.jpg
216,StaffMember_216,48,2,2,staff_image_216.jpg
217,StaffMember_217,55,2,2,staff_image_217.jpg
218,StaffMember_218,55,2,2,staff_image_218.jpg
219,StaffMember_219,20,2,2,staff_image_219.jpg
220,StaffMember_220,56,2,2,staff_image_220.jpg
221,StaffMember_221,53,2,3,staff_image_221.jpg
222,StaffMember_222,57,2,2,staff_image_222.jpg
223,StaffMember_223,38,2,2,staff_image_223.jpg
224,StaffMember_224,33,2,1,staff_image_224.jpg
225,StaffMember_225,51,2,3,staff_image_225.jpg
226,StaffMember_226,53,2,3,staff_image_226.jpg
227,StaffMember_227,59,2,3,staff_image_227.jpg
228,StaffMember_228,31,2,3,staff_image_228.jpg
229,StaffMember_229,32,2,2,staff_image_229.jpg
230,StaffMember_230,39,2,3,staff_image_230.jpg
231,StaffMember_231,48,2,3,staff_image_231.jpg
232,StaffMember_232,58,2,2,staff_image_232.jpg
233,StaffMember_233,46,2,3,staff_image_233.jpg
234,StaffMember_234,31,2,2,staff_image_234.jpg
235,StaffMember_235,42,2,2,staff_image_235.jpg
236,StaffMember_236,36,2,3,staff_image_236.jpg
237,StaffMember_237,33,2,2,staff_image_237.jpg
238,StaffMember_238,22,2,1,staff_image_238.jpg
239,StaffMember_239,46,2,2,staff_image_239.jpg
240,StaffMember_240,58,2,1,staff_image_240.jpg
241,StaffMember_241,42,2,2,staff_image_241.jpg
242,StaffMember_242,41,2,3,staff_image_242.jpg
243,StaffMember_243,25,2,3,staff_image_243.jpg
244,StaffMember_244,24,2,1,staff_image_244.jpg
245,StaffMember_245,40,2,2,staff_image_245.jpg
246,StaffMember_246,57,2,1,staff_image_246.jpg
247,StaffMember_247,54,2,2,staff_image_247.jpg
248,StaffMember_248,21,2,3,staff_image_248.jpg
249,StaffMember_249,41,2,3,staff_image_249.jpg
250,StaffMember_250,22,2,3,staff_image_250.jpg
251,StaffMember_251,32,2,2,staff_image_251.jpg
252,StaffMember_252,34,2,3,staff_image_252.jpg
253,StaffMember_253,50,2,2,staff_image_253.jpg
254,StaffMember_254,57,2,3,staff_image_254.jpg
255,StaffMember_255,42,2,1,staff_image_255.jpg
256,StaffMember_256,46,2,3,staff_image_256.jpg
257,StaffMember_257,23,2,3,staff_image_257.jpg
258,StaffMember_258,48,2,2,staff_image_258.jpg
259,StaffMember_259,49,2,3,staff_image_259.jpg
260,StaffMember_260,52,2,1,staff_image_260.jpg
261,StaffMember_261,26,2,3,staff_image_261.jpg
262,StaffMember_262,43,2,1,staff_image_262.jpg
263,StaffMember_263,23,2,1,staff_image_263.jpg
264,StaffMember_264,50,2,2,staff_image_264.jpg
265,StaffMember_265,47,2,2,staff_image_265.jpg
266,StaffMember_266,52,2,1,staff_image_266.jpg
267,StaffMember_267,34,2,1,staff_image_267.jpg
268,StaffMember_268,41,2,2,staff_image_268.jpg
269,StaffMember_269,43,2,2,staff_image_269.jpg
270,StaffMember_270,31,2,3,staff_image_270.jpg
271,StaffMember_271,34,2,3,staff_image_271.jpg
272,StaffMember_272,47,2,2,staff_image_272.jpg
273,StaffMember_273,22,2,2,staff_image_273.jpg
274,StaffMember_274,54,2,3,staff_image_274.jpg
275,StaffMember_275,21,2,3,staff_image_275.jpg
276,StaffMember_276,56,2,1,staff_image_276.jpg
277,StaffMember_277,26,2,1,staff_image_277.jpg
278,StaffMember_278,52,2,1,staff_image_278.jpg
279,StaffMember_279,39,2,3,staff_image_279.jpg
280,StaffMember_280,49,2,1,staff_image_280.jpg
281,StaffMember_281,55,2,3,staff_image_281.jpg
282,StaffMember_282,26,2,1,staff_image_282.jpg
283,StaffMember_283,58,2,1,staff_image_283.jpg
284,StaffMember_284,22,2,3,staff_image_284.jpg
285,StaffMember_285,59,2,3,staff_image_285.jpg
286,StaffMember_286,53,2,3,staff_image_286.jpg
287,StaffMember_287,25,2,1,staff_image_287.jpg
288,StaffMember_288,20,2,2,staff_image_288.jpg
289,StaffMember_289,49,2,2,staff_image_289.jpg
290,StaffMember_290,56,2,2,staff_image_290.jpg
291,StaffMember_291,38,2,3,staff_image_291.jpg
292,StaffMember_292,38,2,2,staff_image_292.jpg
293,StaffMember_293,49,2,1,staff_image_293.jpg
294,StaffMember_294,48,2,1,staff_image_294.jpg
295,StaffMember_295,43,2,1,staff_image_295.jpg
296,StaffMember_296,20,2,3,staff_image_296.jpg
297,StaffMember_297,45,2,2,staff_image_297.jpg
298,StaffMember_298,45,2,2,staff_image_298.jpg
299,StaffMember_299,21,2,1,staff_image_299.jpg
300,StaffMember_300,49,2,1,staff_image_300.jpg
301,StaffMember_301,55,2,1,staff_image_301.jpg
302,StaffMember_302,34,2,3,staff_image_302.jpg
303,StaffMember_303,23,2,3,staff_image_303.jpg
304,StaffMember_304,38,2,1,staff_image_304.jpg
305,StaffMember_305,54,2,2,staff_image_305.jpg
306,StaffMember_306,30,2,1,staff_image_306.jpg
307,StaffMember_307,29,2,3,staff_image_307.jpg
308,StaffMember_308,32,2,2,staff_image_308.jpg
309,StaffMember_309,51,2,3,staff_image_309.jpg
310,StaffMember_310,43,2,3,staff_image_310.jpg
311,StaffMember_311,42,2,1,staff_image_311.jpg
312,StaffMember_312,32,2,2,staff_image_312.jpg
313,StaffMember_313,39,2,1,staff_image_313.jpg
314,StaffMember_314,47,2,1,staff_image_314.jpg
315,StaffMember_315,30,2,2,staff_image_315.jpg
316,StaffMember_316,37,2,2,staff_image_316.jpg
317,StaffMember_317,23,2,3,staff_image_317.jpg
318,StaffMember_318,48,2,3,staff_image_318.jpg
319,StaffMember_319,57,2,2,staff_image_319.jpg
320,StaffMember_320,49,2,2,staff_image_320.jpg
321,StaffMember_321,48,2,2,staff_image_321.jpg
322,StaffMember_322,43,2,2,staff_image_322.jpg
323,StaffMember_323,51,2,1,staff_image_323.jpg
324,StaffMember_324,50,2,2,staff_image_324.jpg
325,StaffMember_325,60,2,1,staff_image_325.jpg
326,StaffMember_326,29,2,1,staff_image_326.jpg
327,StaffMember_327,34,2,3,staff_image_327.jpg
328,StaffMember_328,45,2,1,staff_image_328.jpg
329,StaffMember_329,24,2,1,staff_image_329.jpg
330,StaffMember_330,48,2,1,staff_image_330.jpg
331,StaffMember_331,49,2,3,staff_image_331.jpg
332,StaffMember_332,58,2,2,staff_image_332.jpg
333,StaffMember_333,52,2,1,staff_image_333.jpg
334,StaffMember_334,59,2,3,staff_image_334.jpg
335,StaffMember_335,44,2,2,staff_image_335.jpg
336,StaffMember_336,44,2,1,staff_image_336.jpg
337,StaffMember_337,60,2,3,staff_image_337.jpg
338,StaffMember_338,39,2,1,staff_image_338.jpg
339,StaffMember_339,34,2,2,staff_image_339.jpg
340,StaffMember_340,35,2,3,staff_image_340.jpg
341,StaffMember_341,32,2,1,staff_image_341.jpg
342,StaffMember_342,52,2,3,staff_image_342.jpg
343,StaffMember_343,26,2,1,staff_image_343.jpg
344,StaffMember_344,26,2,2,staff_image_344.jpg
345,StaffMember_345,27,2,2,staff_image_345.jpg
346,StaffMember_346,36,2,1,staff_image_346.jpg
347,StaffMember_347,57,2,2,staff_image_347.jpg
348,StaffMember_348,46,2,2,staff_image_348.jpg
349,StaffMember_349,35,2,2,staff_image_349.jpg
350,StaffMember_350,21,2,1,staff_image_350.jpg
351,StaffMember_351,26,3,2,staff_image_351.jpg
352,StaffMember_352,20,3,3,staff_image_352.jpg
353,StaffMember_353,55,3,2,staff_image_353.jpg
354,StaffMember_354,36,3,2,staff_image_354.jpg
355,StaffMember_355,50,3,1,staff_image_355.jpg
356,StaffMember_356,48,3,2,staff_image_356.jpg
357,StaffMember_357,38,3,2,staff_image_357.jpg
358,StaffMember_358,20,3,1,staff_image_358.jpg
359,StaffMember_359,49,3,2,staff_image_359.jpg
360,StaffMember_360,29,3,1,staff_image_360.jpg
361,StaffMember_361,23,3,1,staff_image_361.jpg
362,StaffMember_362,26,3,1,staff_image_362.jpg
363,StaffMember_363,57,3,2,staff_image_363.jpg
364,StaffMember_364,28,3,3,staff_image_364.jpg
365,StaffMember_365,40,3,2,staff_image_365.jpg
366,StaffMember_366,38,3,1,staff_image_366.jpg
367,StaffMember_367,51,3,3,staff_image_367.jpg
368,StaffMember_368,55,3,1,staff_image_368.jpg
369,StaffMember_369,20,3,1,staff_image_369.jpg
370,StaffMember_370,30,3,3,staff_image_370.jpg
371,StaffMember_371,47,3,1,staff_image_371.jpg
372,StaffMember_372,20,3,1,staff_image_372.jpg
373,StaffMember_373,57,3,1,staff_image_373.jpg
374,StaffMember_374,46,3,1,staff_image_374.jpg
375,StaffMember_375,23,3,2,staff_image_375.jpg
376,StaffMember_376,36,3,1,staff_image_376.jpg
377,StaffMember_377,35,3,2,staff_image_377.jpg
378,StaffMember_378,55,3,2,staff_image_378.jpg
379,StaffMember_379,43,3,2,staff_image_379.jpg
380,StaffMember_380,58,3,3,staff_image_380.jpg
381,StaffMember_381,54,3,1,staff_image_381.jpg
382,StaffMember_382,35,3,1,staff_image_382.jpg
383,StaffMember_383,29,3,3,staff_image_383.jpg
384,StaffMember_384,38,3,2,staff_image_384.jpg
385,StaffMember_385,57,3,3,staff_image_385.jpg
386,StaffMember_386,59,3,1,staff_image_386.jpg
387,StaffMember_387,28,3,1,staff_image_387.jpg
388,StaffMember_388,49,3,2,staff_image_388.jpg
389,StaffMember_389,35,3,1,staff_image_389.jpg
390,StaffMember_390,50,3,3,staff_image_390.jpg
391,StaffMember_391,50,3,3,staff_image_391.jpg
392,StaffMember_392,31,3,1,staff_image_392.jpg
393,StaffMember_393,25,3,2,staff_image_393.jpg
394,StaffMember_394,47,3,3,staff_image_394.jpg
395,StaffMember_395,31,3,3,staff_image_395.jpg
396,StaffMember_396,58,3,1,staff_image_396.jpg
397,StaffMember_397,35,3,2,staff_image_397.jpg
398,StaffMember_398,28,3,1,staff_image_398.jpg
399,StaffMember_399,42,3,2,staff_image_399.jpg
400,StaffMember_400,51,3,1,staff_image_400.jpg
